,Polynomial_Degree,test_score,train_score
0,1,0.7324876467699402,0.744012927026098
1,2,0.6900629137867689,0.688746175631074
2,3,0.4996340911156346,0.5025314805956891
